Created,NLTK_Compound,Blob Score
2018-05-07,0.397,0.6298869094483057
2018-05-08,0.15807500000000002,0.6692355910049101
2018-05-09,0.4278,0.50355871886121
2018-05-10,0.0956,0.6379044863451747
2018-05-11,0.07183333333333332,0.6412391586779155
2018-05-12,0.0,0.7246523012842842
2018-05-13,0.0,0.5007836990595611
2018-05-14,-0.135275,0.6511392887000005
2018-05-15,0.3481,0.7942641900623937
2018-05-16,0.0,0.6046288473907927
2018-05-18,0.15464,0.7747014910929215
2018-05-19,0.0,0.5791696262810712
2018-05-20,-0.125,0.7293335961172396
2018-05-21,0.21006,0.5316160724805353
2018-05-22,-0.5267,0.5411654473556745
2018-05-23,0.17206000000000002,0.7615844795443053
2018-05-24,0.19063333333333332,0.6684726730176576
2018-05-26,0.08036666666666667,0.6505268070947205
2018-05-28,0.0,0.6409751320428727
2018-05-29,0.0,0.651004630504042
2018-05-30,0.0,0.5351851851851851
2018-06-01,-0.4588,0.748075784487863
2018-06-03,0.0,0.8695988856407112
2018-06-04,-0.05037142857142857,0.7775697951562403
2018-06-05,0.1965,0.7159311186726064
2018-06-06,0.3305833333333333,0.6837101521874612
2018-06-07,0.02034999999999998,0.6416527774911573
2018-06-08,0.2294,0.5814650845530418
2018-06-09,0.0,0.6348450155178152
2018-06-11,-0.23420000000000002,0.7677449676939905
2018-06-12,0.11825000000000001,0.6601526638728348
2018-06-13,-0.10826,0.6833703438711203
2018-06-14,0.12040000000000001,0.5846144283939766
2018-06-15,-0.2235,0.5474203531654344
2018-06-16,0.0,0.5636054613700722
2018-06-17,0.33443333333333336,0.7287882640188167
2018-06-18,0.025316666666666664,0.6750599294491776
2018-06-19,-0.024685714285714293,0.6116211900243325
2018-06-20,0.0,0.6517249545842
2018-06-21,0.11964444444444444,0.5827558300114126
2018-06-22,0.0,0.6836503245605761
2018-06-23,0.3612,0.8475782085783649
2018-06-24,0.0,0.5007836990595611
2018-06-25,-0.11333333333333334,0.717035298523124
2018-06-26,0.19063333333333332,0.6076887639776404
2018-06-27,0.20743999999999999,0.7940844661317371
2018-06-28,0.1591,0.6039708247255575
2018-06-29,0.0,0.6669396244542772
2018-06-30,0.0393,0.6373995928240216
2018-07-01,0.11798,0.6409946257174606
2018-07-02,0.04091052631578948,0.645458442831991
2018-07-03,0.10617777777777777,0.5812324909355472
2018-07-04,-0.027899999999999998,0.5514862410850581
2018-07-05,0.0,0.6363636363636365
2018-07-06,0.06554285714285714,0.6337941941297228
2018-07-07,0.2553,0.7049740973420158
2018-07-08,0.0,0.7982297981793074
2018-07-09,0.0,0.937900703940269
2018-07-10,0.0,0.6393626020057013
2018-07-11,0.0,0.5216793002000273
2018-07-12,0.1589,0.5848515490242224
2018-07-13,0.021179999999999997,0.6356378792052271
2018-07-14,-0.10606666666666666,0.753094559202582
2018-07-15,0.07024999999999999,0.6136935424347448
2018-07-16,0.03886666666666667,0.5802390367973475
2018-07-17,0.08808,0.6384184875821328
2018-07-19,0.0,0.7534366690602377
2018-07-20,-0.029249999999999998,0.6714111437786074
2018-07-21,0.05103333333333334,0.6117507094679643
2018-07-22,-0.07747142857142857,0.7031206258432017
2018-07-23,0.1052875,0.6075376987098607
2018-07-24,0.0,0.6046021905784986
2018-07-25,-0.32655,0.5977573906658109
2018-07-26,0.0,0.5884497855202846
2018-07-27,0.1101,0.5931777757310865
2018-07-28,-0.085,0.6649789665127439
2018-07-29,-0.06560999999999999,0.6407933017241177
2018-07-30,-0.0517875,0.6403639216707178
2018-07-31,-0.032299999999999995,0.642768068742763
2018-08-01,0.0166,0.6409940332557951
2018-08-02,0.01992666666666667,0.6576590117385732
2018-08-03,0.19509999999999997,0.8018612409663047
2018-08-04,-0.1858,0.6568787897360592
2018-08-06,0.0129,0.6259116738388746
2018-08-07,-0.10608666666666666,0.707071342297335
2018-08-08,0.0009727272727272766,0.6492909714966386
2018-08-09,-0.010890909090909092,0.6665660185205798
2018-08-10,0.13096666666666668,0.5801136204947893
2018-08-11,-0.08038,0.5961447215046333
2018-08-12,0.1654888888888889,0.5991782002364779
2018-08-13,0.09106666666666667,0.5259739450635069
2018-08-14,-0.01996666666666667,0.754942301716213
2018-08-15,-0.12460000000000002,0.6686467710528795
2018-08-16,-0.035616666666666665,0.6779266990494248
2018-08-17,0.004342857142857153,0.6822785560180327
2018-08-18,0.06363333333333333,0.5677220284627555
2018-08-19,-0.043975,0.577953281738019
2018-08-20,-0.060475,0.6587701139058163
2018-08-21,-0.09629999999999998,0.7197209768252646
2018-08-22,0.37095,0.808827032497565
2018-08-23,0.364275,0.7849511265878306
2018-08-24,0.003516666666666668,0.5519436036499669
2018-08-25,0.03558,0.7228690333162461
2018-08-26,0.12582857142857143,0.591301802117223
2018-08-27,0.26343333333333335,0.6941313569418625
2018-08-28,0.0,0.5909129782873391
2018-08-29,0.164,0.5879907566754161
2018-08-30,0.1806,0.6486578523803928
2018-08-31,0.18674,0.7004494285141687
2018-09-01,0.0,0.5114450646916747
2018-09-02,-0.2263,0.6498478886413962
2018-09-04,0.19878,0.6318312498913264
2018-09-05,-0.027033333333333336,0.5435660830609478
2018-09-06,0.36024,0.7091355740706253
2018-09-07,0.043835,0.627671658017353
2018-09-08,-0.279075,0.6570595848980411
2018-09-09,0.05303333333333333,0.6027415080655557
2018-09-10,0.222975,0.7606476031602071
2018-09-11,-0.1358,0.7340745106749709
2018-09-12,-0.12785,0.6973826341343543
2018-09-13,0.02054,0.6231736409699803
2018-09-14,0.6369,0.6128177966101696
2018-09-15,0.4019,0.8632667617689015
2018-09-16,0.36485,0.7710824515955275
2018-09-17,-0.0593,0.576293918169788
2018-09-18,-0.014671428571428573,0.6193981130459362
2018-09-19,-0.11152500000000001,0.6495033612107424
2018-09-20,-0.0707,0.5786997121889805
2018-09-21,-0.20526666666666663,0.8667570876996398
2018-09-24,0.2975,0.9793952249341
2018-09-25,0.0,0.5918886063246902
2018-09-26,0.01075000000000001,0.6695394683154937
2018-09-27,-0.027777777777777776,0.6441373934521863
2018-09-28,-0.035899999999999994,0.6619147629408436
2018-09-29,0.05796,0.6466039209009394
2018-09-30,0.17806,0.7009694570518603
2018-10-01,0.1733555555555555,0.6427913961765177
2018-10-02,0.025733333333333334,0.704718625922158
2018-10-03,0.0,0.5615438737646163
2018-10-04,-0.07955,0.6189884784140567
2018-10-05,0.16925454545454544,0.6487179253470627
2018-10-06,0.13967500000000002,0.7550169719158633
2018-10-07,0.2023,0.7010484522847228
2018-10-08,0.0708,0.6583624240750572
2018-10-09,0.050575,0.5491794900894239
2018-10-10,0.06743333333333333,0.6505647673261797
2018-10-11,0.0,0.7457217024932815
2018-10-12,-0.1858,0.5428041910699651
2018-10-13,0.0,0.5887059412310611
2018-10-14,0.0,0.5179844421223732
2018-10-15,-0.12040000000000001,0.5763073123728158
2018-10-16,0.0,0.5148401209895215
2018-10-17,-0.12294545454545452,0.6162455691849703
2018-10-18,0.0683,0.7037639493459138
2018-10-19,0.0,0.6305649241147175
2018-10-20,-0.14882499999999999,0.6546520871700019
2018-10-21,0.0,0.7772118453394508
2018-10-22,0.0,0.7773722627737228
2018-10-23,0.0031600000000000074,0.6461984120676665
2018-10-24,-0.08159999999999999,0.6477792957703228
2018-10-25,-0.08018181818181819,0.6356840826544308
2018-10-26,-0.08331666666666666,0.6406528280340656
2018-10-27,0.0023625000000000035,0.6610728965970022
2018-10-28,0.085,0.7166718130444061
2018-10-30,0.10115,0.568336622407198
2018-10-31,0.2202,0.6783737319056937
2018-11-01,0.2202,0.5623551491150882
2018-11-02,-0.3612,0.7245035571948438
2018-11-04,0.4278,0.7883974591174091
2018-11-05,-0.23835,0.63670921941787
2018-11-06,0.0,0.5351851851851851
2018-11-07,0.0,0.8619527075314548
2018-11-08,0.5319,0.8086067084408407
2018-11-09,0.0,0.8998677021828174
2018-11-10,0.2023,0.7010484522847228
2018-11-11,0.0,0.668476887328554
2018-11-13,0.0,0.5074280055366632
2018-11-14,0.0,0.5003918495297806
2018-11-16,0.22596666666666665,0.7401423022032434
2018-11-20,-0.35015,0.7490371595052099
2018-11-21,0.0,0.9150974616816175
2018-11-22,-0.148,0.611673622326046
2018-11-25,0.0,0.5631578947368423
2018-11-27,0.0,0.5007836990595611
2018-11-29,0.0,0.5615438737646163
2018-11-30,-0.27115,0.7179649268572057
2018-12-02,-0.3612,0.8267817383973535
2018-12-03,-0.1404,0.6559833854274773
2018-12-04,-0.4201,0.810179272200923
2018-12-05,0.20095,0.9108132517257521
2018-12-06,0.0,0.6371359223300971
2018-12-07,0.17,0.8311598634575948
2018-12-08,0.0,0.8353599221789884
2018-12-09,0.08056666666666666,0.7190707747674501
2018-12-10,0.0,0.7998568424410623
2018-12-12,-0.32730000000000004,0.9539207187132225
2018-12-13,0.0,0.6840415651807387
2018-12-14,0.3013,0.641054958979783
2018-12-15,-0.31445,0.8518839248051233
2018-12-16,0.0,0.729045890403338
2018-12-18,0.4648,0.5841560883874009
2018-12-19,-0.3182,0.8218609786942457
2018-12-20,0.0,0.5172026404862953
2018-12-21,0.0,0.6247258771929824
2018-12-24,0.4019,0.5247853629609057
2018-12-27,0.0,0.5
2018-12-29,0.0,0.5509813468325502
2019-01-01,0.3552666666666666,0.6321589962649804
2019-01-02,0.2882,0.6123672316963343
2019-01-03,0.0,0.7779705651750145
2019-01-04,0.052199999999999996,0.7222147898794151
2019-01-05,0.0,0.6496719024395702
2019-01-06,0.0,0.6923348040623449
2019-01-07,0.0,0.6877365025135127
2019-01-08,0.0,0.5537862351178554
2019-01-09,0.07532000000000001,0.6900196619327461
2019-01-10,0.0,0.5210370906279128
2019-01-11,0.0,0.5615438737646163
2019-01-13,0.0,0.5572226358897988
2019-01-14,0.0,0.5210828941063729
2019-01-15,0.50615,0.7067394699743332
2019-01-17,0.0,0.6148684891250285
2019-01-18,0.07224,0.6289142966516252
2019-01-19,-0.2553,0.596048162755408
2019-01-20,0.34,0.8094375140134882
2019-01-21,0.7712,0.7932721761571372
2019-01-22,0.14095,0.7731243263098083
2019-01-23,-0.20123333333333335,0.6077118993874725
2019-01-24,0.0,0.5703510744859617
2019-01-25,0.0,0.6274647887323944
2019-01-26,0.0,0.7493698479124011
2019-01-27,0.0,0.7236247096149866
2019-01-28,0.0,0.7878625303035737
2019-01-30,-0.1147,0.6361992418345286
2019-01-31,0.3718666666666666,0.631269929002151
2019-02-01,0.0,0.5642780164890655
2019-02-02,0.27446666666666664,0.7051435769160111
2019-02-03,0.928,0.8563122244962899
2019-02-06,0.0,0.7153068749519504
2019-02-07,0.0,0.5713974010861134
2019-02-10,0.0,0.6250000000000001
2019-02-11,0.0,0.6416947281054561
2019-02-12,0.0,0.5007836990595611
2019-02-13,0.42935,0.895671127323083
2019-02-14,0.0,0.5007836990595611
2019-02-18,0.0,0.8889939391939385
2019-02-19,0.0,0.8996498718681658
2019-02-20,-0.041600000000000005,0.7577293723391925
2019-02-22,0.0,0.5807325063872372
2019-02-23,0.17,0.6352400739032392
2019-02-25,-0.17,0.7791988035576096
2019-02-26,0.0,0.6299688645057063
2019-02-27,0.22693333333333332,0.5471137403121973
2019-02-28,0.20628000000000002,0.6521847537950924
2019-03-01,0.004783333333333338,0.741088996082537
2019-03-02,-0.08523333333333334,0.6611785053145397
2019-03-03,0.0,0.7688541936504691
2019-03-04,0.07594444444444444,0.6420238670944856
2019-03-05,0.3454,0.648185620867937
2019-03-06,0.09878,0.6082454379715282
2019-03-07,0.025100000000000004,0.6015196294748105
2019-03-08,0.1468,0.5959174011984565
2019-03-09,0.0,0.5351851851851851
2019-03-11,0.0,0.5410308080716606
2019-03-12,0.0565,0.5434465918730106
2019-03-13,-0.1868,0.8047184525387574
2019-03-14,0.0,0.6680162182964364
2019-03-15,0.0,0.6294354537684579
2019-03-17,0.0,0.6668822134676273
2019-03-18,0.050575,0.7624407658481949
2019-03-19,0.0,0.7650056655399065
2019-03-20,0.0,0.70609499319399
2019-03-21,0.0,0.5007836990595611
2019-03-22,0.0,0.5894458821056551
2019-03-24,0.0,0.7514612520907148
2019-03-27,0.0,0.7898345952653647
2019-03-28,0.296,0.660148587769531
2019-03-30,0.0,0.5970195055697513
2019-03-31,0.0,0.5537992457997509
2019-04-01,0.0,0.6036527190949976
2019-04-02,0.0,0.547624333592888
2019-04-03,0.05990000000000001,0.7197321543643125
2019-04-04,-0.09896363636363636,0.7199199884690668
2019-04-05,0.07465,0.7061353843719274
2019-04-06,0.0,0.6401441531777196
2019-04-07,0.6124,0.6610427062536816
2019-04-08,-0.2945333333333333,0.6663383127253476
2019-04-09,0.13396666666666665,0.6977807477833647
2019-04-10,0.0,0.5007836990595611
2019-04-11,0.5106,0.5381855650665687
2019-04-12,0.0,0.7770296259714616
2019-04-14,0.025400000000000002,0.6130956145834948
2019-04-15,-0.08333333333333333,0.5412772903968909
2019-04-18,0.0,0.537861328205992
2019-04-19,0.608,0.967653634930943
2019-04-20,0.4199,0.7775297168790435
2019-04-21,0.10606666666666666,0.6587003132218185
2019-04-22,0.10137142857142857,0.5757923536037178
2019-04-23,0.0,0.6644436970333281
2019-04-24,-0.0475923076923077,0.7040991650408746
2019-04-25,-0.06201666666666666,0.6158884976432997
2019-04-26,0.0,0.6096248906081759
2019-04-27,0.0398,0.6754147539206916
2019-04-28,-0.021900000000000003,0.6954408319820065
2019-04-30,0.273925,0.639694851956635
2019-05-01,0.06582,0.6476950369603217
2019-05-02,-0.10415,0.6148624523091232
2019-05-03,-0.09866666666666667,0.6608640109214062
2019-05-06,0.0,0.542189132706374
2019-05-07,0.0903,0.5706132382269613
2019-05-08,0.1591,0.5750317755484317
2019-05-09,-0.056575,0.5747078351528971
2019-05-10,0.0,0.5342943287163057
2019-05-11,0.4019,0.749411764705883
2019-05-14,0.0,0.9132400745499144
2019-05-15,0.14985,0.6489530876065055
2019-05-16,0.0,0.5003918495297806
2019-05-17,0.09746250000000001,0.6762941614525501
2019-05-18,0.0,0.9107882631856482
2019-05-19,0.0,0.5418311021722287
2019-05-20,0.119175,0.6694135515164821
2019-05-21,0.0,0.6957721037645506
2019-05-22,-0.027866666666666668,0.7013276515710606
2019-05-23,-0.5994,0.9371135723759471
2019-05-28,0.0,0.6825110956883043
2019-05-29,0.0,0.660476524176594
2019-05-31,-0.297875,0.8071948883391533
2019-06-03,0.17323333333333335,0.626918701562838
2019-06-04,0.296,0.6044878168759378
2019-06-05,-0.03287499999999999,0.707028658159839
2019-06-06,-0.15635,0.6727087649132679
2019-06-07,0.54835,0.6603866369699356
2019-06-10,0.0,0.6646174523371007
2019-06-11,0.0,0.6118270774169651
2019-06-13,0.20095,0.8255666801160064
2019-06-14,0.0386,0.6467392881184961
2019-06-16,0.0,0.6745146402604341
2019-06-17,0.0,0.6347201887099405
2019-06-18,0.4753,0.5612091104064412
2019-06-19,0.0,0.9829831828453288
2019-06-20,0.20095,0.6181414388642255
2019-06-21,-0.16108333333333333,0.6174810181814235
2019-06-22,-0.1909,0.7840048698375868
2019-06-23,0.128,0.8781313962478822
2019-06-25,0.0,0.5351851851851851
2019-06-26,0.20095,0.5821712019505121
2019-06-28,0.0,0.820382977501147
2019-06-29,0.0,0.9724470016077215
2019-07-01,0.0,0.5915608856405047
2019-07-02,0.074,0.6062480089316012
2019-07-03,0.22692727272727273,0.6498879761116567
2019-07-04,0.0,0.6112652695596357
2019-07-05,0.21075,0.69309585384058
2019-07-06,0.0,0.6261736010488258
2019-07-08,0.0,0.8534464690056585
2019-07-09,0.1426,0.6405197859075304
2019-07-10,0.0,0.6317837575647851
2019-07-11,0.0,0.6532552909761552
2019-07-12,0.0,0.7989833641404812
2019-07-14,-0.044475,0.6417737944058108
2019-07-15,0.5106,0.7593625065022889
2019-07-16,-0.1591,0.7983585741686299
2019-07-17,0.0,0.593959121092144
2019-07-19,0.06087500000000001,0.7353008873154527
2019-07-20,-0.08164285714285714,0.7477172102292154
2019-07-21,0.1366,0.7460386103694787
2019-07-22,0.27796666666666664,0.741084803190506
2019-07-23,-0.105375,0.6548246229270718
2019-07-24,0.06193571428571428,0.6967007613896685
2019-07-25,0.022871428571428574,0.7044432925636571
2019-07-26,-0.2083,0.8189432549322353
2019-07-27,0.6369,0.9109479860410364
2019-07-28,-0.148,0.5736254330396895
2019-07-29,0.11515,0.6589876768881167
2019-07-30,-0.17585,0.5868457506623102
2019-07-31,0.15694999999999998,0.8451040048509824
2019-08-01,-0.12325,0.6642967446239447
2019-08-03,-0.3182,0.991388581188285
2019-08-04,0.0,0.5472250806741491
2019-08-05,0.0,0.6170760039827413
2019-08-06,0.0,0.5388533879913188
2019-08-08,0.125,0.8177813774605092
2019-08-09,-0.4927,0.8244680851063824
2019-08-10,0.0,0.5351851851851851
2019-08-12,0.0,0.5264602772895588
2019-08-13,0.0,0.5351851851851851
2019-08-14,0.0,0.508421937940581
2019-08-15,-0.4767,0.5312719803904805
2019-08-16,0.0,0.8217266543857158
2019-08-18,0.0,0.5624999999999999
2019-08-19,0.0,0.666648772030424
2019-08-20,0.0,0.7658455691802443
2019-08-21,0.0,0.5692334753438464
2019-08-22,0.0,0.5956038791198441
2019-08-26,0.0,0.9941000265845389
2019-08-29,0.0,0.5631578947368423
2019-08-30,0.21297499999999997,0.7701292648148828
2019-08-31,0.3182,0.9058422193133031
2019-09-01,0.0,0.5549777478116891
2019-09-02,0.0,0.5344052809725905
2019-09-03,0.0,0.6098901098901099
2019-09-06,0.1366,0.6490113623461324
2019-09-12,0.0,0.9149172729930082
2019-09-16,0.064,0.7566867535758017
2019-09-18,0.09175,0.575435844806278
2019-09-19,0.1591,0.5415574612405132
2019-09-25,0.0,0.7285297335577076
2019-09-26,0.1806,0.6608454492519424
2019-09-27,0.0,0.8191443157127237
2019-10-01,0.0,0.5347626437584901
2019-10-02,-0.148,0.508091034367631
2019-10-03,0.2202,0.5905035210253635
2019-10-08,0.0,0.7337011262738633
2019-10-09,0.0,0.5379732814231993
2019-10-11,0.5710999999999999,0.6652397759530775
2019-10-14,0.7468,0.710347670326956
2019-10-15,0.0,0.6243405411335783
2019-10-17,0.0,0.5007836990595611
2019-10-18,0.4215,0.6570485398716415
2019-10-19,0.0,0.9260550155104134
2019-10-20,-0.12796666666666667,0.7241222608662469
2019-10-22,-0.7096,0.5635396997032962
2019-10-23,0.09868888888888888,0.7002598230712036
2019-10-24,0.23103181818181817,0.6524676965383127
2019-10-25,0.11315,0.6484087065472264
2019-10-26,0.08333333333333333,0.6853759901469892
2019-10-27,-0.26913333333333334,0.5779803556158218
2019-10-28,0.3818,0.5884353741496599
2019-10-30,0.27498,0.7196827579907606
2019-10-31,-0.3612,0.9882625753481591
2019-11-01,0.0,0.7812089356110384
2019-11-02,0.0,0.6048739126429418
2019-11-03,0.0,0.5532367044463817
2019-11-05,-0.10606666666666666,0.6566070789504547
2019-11-06,0.0,0.6654607463355858
2019-11-07,0.064,0.8540664537190147
2019-11-09,0.4346,0.7591447805436449
2019-11-11,0.4199,0.5993428042352839
2019-11-12,0.0,0.7532373220086264
2019-11-13,-0.142975,0.7391198362097073
2019-11-14,0.0,0.50025
2019-11-16,-0.4215,0.6390590943284615
2019-11-17,0.0,0.5113162615262585
2019-11-18,-0.5267,0.513198208814518
2019-11-19,0.14049999999999999,0.6988015105416889
2019-11-20,-0.28164999999999996,0.7337565647759019
2019-11-21,0.0,0.55723204994797
2019-11-22,0.04539583333333334,0.66462263003853
2019-11-23,0.012707142857142856,0.7420584322489912
2019-11-24,-0.15653999999999998,0.7111074818360583
2019-11-25,0.0,0.8480538646831954
2019-11-26,0.08773333333333333,0.7011787573259038
2019-11-27,0.0,0.8537823834196903
2019-11-28,0.28595,0.6315305200211971
2019-11-29,0.09866666666666667,0.6271303419986101
2019-12-01,-0.29295,0.5258176795264276
2019-12-02,0.24695,0.8596527309667836
2019-12-03,0.0,0.5
2019-12-04,0.0,0.5902091452769838
2019-12-05,0.3818,0.5267159837573797
2019-12-06,-0.4215,0.5725918074410157
2019-12-07,0.0,0.5064648829505808
2019-12-08,0.4404,0.6035550466074455
2019-12-09,0.0,0.6718174849511843
2019-12-10,0.0683,0.814903038927157
2019-12-11,0.190375,0.6193982052695564
2019-12-12,0.20271666666666666,0.5968060818304769
2019-12-13,0.10115,0.634259676528823
2019-12-14,0.2023,0.768519353057646
2019-12-15,-0.09663333333333333,0.6407025676806599
2019-12-16,0.0,0.5
2019-12-17,0.2023,0.611595574586956
2019-12-18,0.1181,0.585733817411141
2019-12-19,0.1903,0.6128403000064256
2019-12-20,0.0339,0.71614725465236
2019-12-21,0.1953,0.5157662140419198
2019-12-22,0.0,0.9147775627382001
2019-12-23,0.11719166666666665,0.6738770502196353
2019-12-24,0.1462,0.6255744295970729
2019-12-26,0.19865714285714284,0.6613220446735396
2019-12-27,0.26589999999999997,0.6861462660352341
2019-12-28,-0.0037500000000000033,0.711925622450349
2019-12-29,0.12040000000000001,0.5576932070633038
2019-12-30,-0.43335,0.6772270566838212
2020-01-01,0.17206666666666667,0.8298512263270533
2020-01-02,0.21230000000000002,0.667246443198719
2020-01-03,0.09917142857142858,0.702694064215013
2020-01-04,0.296,0.8620827624403197
2020-01-05,0.0,0.7666666666666667
2020-01-06,-0.21669999999999998,0.7744331838462187
2020-01-07,0.15628666666666666,0.6920782738054957
2020-01-08,0.07020769230769229,0.6617895476973881
2020-01-09,-0.037316666666666665,0.6600267970731682
2020-01-10,0.12644444444444444,0.6014551417667942
2020-01-11,0.059199999999999996,0.5916269742791336
2020-01-12,0.09106666666666667,0.5746763075365687
2020-01-13,0.017188888888888896,0.6278684922133684
2020-01-14,-0.016878260869565214,0.6216840205030099
2020-01-15,-0.06458333333333334,0.6333392582021873
2020-01-16,-0.012285714285714292,0.6110364302468932
2020-01-17,0.07096874999999998,0.7115040965889844
2020-01-18,0.07832,0.762902773426094
2020-01-20,-0.03656666666666664,0.652027029920491
2020-01-21,0.050580000000000014,0.7646585364465852
2020-01-22,0.14616071428571428,0.6979119675730555
2020-01-23,-0.0999,0.6883052773450988
2020-01-24,0.06602000000000001,0.6517202318679559
2020-01-25,0.2468142857142857,0.6254841933573305
2020-01-26,-0.10726666666666666,0.6540603987580909
2020-01-27,0.09138,0.6373030721158758
2020-01-28,-0.011466666666666672,0.659665680051626
2020-01-29,0.05675333333333334,0.7470731880524782
2020-01-30,0.023690476190476196,0.6313762244645396
2020-01-31,0.08328823529411765,0.638896272807175
2020-02-01,0.17714,0.5677438510884001
2020-02-02,0.17,0.7245755246207273
2020-02-03,0.0894341463414634,0.677524895555623
2020-02-04,0.046934210526315794,0.670258713226706
2020-02-05,0.023159523809523814,0.7095534442079017
2020-02-06,0.10507586206896552,0.6948847840094979
2020-02-07,0.04316842105263158,0.6723092025916685
2020-02-08,0.03551428571428572,0.768572358248625
2020-02-09,0.07386666666666668,0.712520827157412
2020-02-10,0.2457555555555556,0.6679479907063206
2020-02-11,0.09383333333333332,0.808297495024031
2020-02-12,-0.07842,0.7726553631046347
2020-02-13,0.0485,0.7624240797345642
2020-02-14,0.19195714285714288,0.8362543392331042
2020-02-15,0.32455,0.6853480680241388
2020-02-16,-0.1806,0.7355299553897894
2020-02-17,0.0,0.5704673504308235
2020-02-18,0.18327142857142859,0.6604147368206765
2020-02-19,-0.10918999999999998,0.6846343453874868
2020-02-20,0.13621666666666668,0.6567596623607991
2020-02-21,0.21041250000000003,0.7162724899130214
2020-02-22,0.0,0.5346038159001164
2020-02-23,-0.18612,0.6910851587891769
2020-02-24,0.09505,0.5814253005465828
2020-02-25,0.046833333333333324,0.6869638344227964
2020-02-26,0.09176,0.5442051439998659
2020-02-27,-0.000577777777777782,0.6706997032568558
2020-02-28,-0.054799999999999995,0.7128599508732987
2020-02-29,0.1468,0.5491711792531624
2020-03-01,0.0,0.8870220831507318
2020-03-02,-0.0258,0.7252650338262725
2020-03-03,0.02880000000000001,0.7281639296228942
2020-03-04,-0.19958,0.6592386744220194
2020-03-05,0.0,0.5241780925982996
2020-03-06,0.0,0.6619489874119224
2020-03-07,0.042575,0.6605749311130333
2020-03-09,0.05666666666666667,0.6480367383537248
2020-03-11,0.0,0.7604884318766071
2020-03-12,0.06525555555555555,0.6099955462430179
2020-03-13,0.08488333333333335,0.7070319698316775
2020-03-14,-0.1909,0.7579397763992486
2020-03-15,0.0,0.5808977035490603
2020-03-16,0.1900777777777778,0.6889786847434841
2020-03-17,-0.11871000000000001,0.705950654343713
2020-03-18,0.17207333333333336,0.6899936896367151
2020-03-19,0.04154761904761905,0.6199778447406514
2020-03-20,-0.042822222222222206,0.7849793605274616
2020-03-21,0.5267,0.5010080949433723
2020-03-22,-0.1591,0.5024106169814173
2020-03-23,-0.145,0.6414145481598774
2020-03-24,0.17684999999999998,0.7035477322743375
2020-03-25,-0.187475,0.7416531462742286
2020-03-26,0.1593166666666667,0.6607259712039809
2020-03-27,-0.098625,0.712659049948088
2020-03-28,0.0,0.5
2020-03-29,-0.5106,0.8423510558504848
2020-03-30,0.2287,0.5379844482561951
2020-03-31,0.11333333333333334,0.5323100134949436
2020-04-01,-0.10206666666666668,0.6108508617370599
2020-04-02,0.16988,0.5963022615144323
2020-04-03,0.0036857142857142857,0.5890691915902353
2020-04-04,0.125,0.5245219227966991
2020-04-05,0.27985,0.6162920159150806
2020-04-06,0.23835,0.7174075488199319
2020-04-07,-0.2997,0.6478355522006995
2020-04-08,0.12765,0.761409154084917
2020-04-09,0.0,0.7099137731736926
2020-04-10,0.12765,0.6537070222300396
2020-04-11,0.1909,0.6275884003167451
2020-04-12,-0.09665,0.6872341109006798
2020-04-13,0.05655,0.5782334064371217
2020-04-14,-0.01906315789473684,0.6742067643153286
2020-04-15,-0.0011416666666666658,0.6649962356610767
2020-04-16,-0.028975000000000015,0.6871544583693024
2020-04-17,0.07224,0.5227043323666429
2020-04-18,-0.08778333333333332,0.6014664247416631
2020-04-19,-0.180025,0.5519494950567346
2020-04-20,0.40991999999999995,0.5515218542693103
2020-04-21,0.054950000000000006,0.7089765691027197
2020-04-22,-0.13753999999999997,0.7153690547649393
2020-04-23,0.011720000000000008,0.6551581016216627
2020-04-24,0.0,0.5804936231371188
2020-04-25,0.12040000000000001,0.6913203366754826
2020-04-26,-0.010080000000000002,0.6405929026033552
2020-04-27,-0.09380000000000001,0.701864956939229
2020-04-28,0.0911142857142857,0.5937668410996257
2020-04-29,0.12378571428571429,0.6814867296103279
2020-04-30,-0.04257692307692308,0.636567478859654
2020-05-01,0.13274,0.6928068998100406
2020-05-02,-0.11311,0.700308109354381
2020-05-03,0.029337499999999996,0.6493158779952242
2020-05-04,0.17,0.5637881039978074
2020-05-05,-0.020071428571428573,0.7077752714725367
2020-05-06,0.19793750000000002,0.6830186710448931
2020-05-07,0.17072857142857142,0.6810152957287954
2020-05-08,0.19354,0.644493025179839
2020-05-09,0.10757142857142855,0.7301000956462739
2020-05-10,-0.06533333333333334,0.6622400128685505
2020-05-11,-0.0934,0.6804091956224135
2020-05-12,-0.09966666666666667,0.6459335725820291
2020-05-13,0.0,0.6875475620168147
2020-05-14,-0.11912857142857144,0.6609065654369576
2020-05-15,-0.12786666666666666,0.742338324745771
2020-05-16,0.6908,0.5137212762440071
2020-05-18,0.03062,0.6079598445084043
2020-05-19,0.003920000000000002,0.6543434344801096
2020-05-20,-0.1858,0.6530164494860805
2020-05-21,0.0,0.6924155751818185
2020-05-22,-0.00260000000000001,0.6970568065923902
2020-05-23,0.11315,0.5107038386509124
2020-05-24,0.0,0.5343383741924711
2020-05-26,0.2172,0.682311295799602
2020-05-27,0.042687499999999996,0.7185113495574331
2020-05-28,0.035560000000000015,0.7665819490248985
2020-05-29,0.0,0.5235839477358375
2020-05-30,0.0,0.5631578947368423
2020-05-31,0.0,0.5955131329626091
2020-06-01,0.0,0.6519655363300845
2020-06-02,0.05,0.5645372567546675
2020-06-03,0.0,0.6570051657691672
2020-06-06,0.0,0.5631578947368423
2020-06-08,0.17496666666666663,0.5233003253194988
2020-06-09,0.3259,0.7775795573757308
2020-06-10,0.19863333333333333,0.6810257415992604
2020-06-11,-0.03128823529411765,0.659017906192647
2020-06-12,0.21954285714285712,0.7773086858202152
2020-06-13,0.2787,0.7171199742352881
2020-06-14,0.269625,0.7239523370035443
2020-06-15,0.2781,0.586135961805972
2020-06-16,0.023280000000000002,0.6894446652339162
2020-06-17,-0.131675,0.6085899143435214
2020-06-18,0.07024999999999999,0.6750768669835775
2020-06-19,0.07925,0.7573689775969316
2020-06-20,0.10296666666666666,0.7154342334367917
2020-06-21,0.0,0.5559581641730396
2020-06-22,-0.074,0.7245595479243877
2020-06-23,0.2553,0.7111134985476886
2020-06-24,0.29295,0.7925194019345576
2020-06-25,0.15848333333333334,0.5979490767016429
2020-06-27,0.0,0.5714418684230973
2020-06-28,0.0,0.536214953271028
2020-06-30,0.0838923076923077,0.6544615270715745
2020-07-01,0.047781818181818175,0.6595755061714823
2020-07-02,0.0877258064516129,0.6751649194467317
2020-07-03,0.2422,0.7077887766783026
2020-07-04,-0.16468,0.6777560995628151
2020-07-05,0.0,0.6730505471171623
2020-07-06,0.02810238095238095,0.6723439364318867
2020-07-07,0.10239310344827589,0.6763745178743792
2020-07-08,0.02291923076923077,0.6735718004685833
2020-07-09,0.144455,0.6637518147081026
2020-07-10,0.09399459459459458,0.6858510460552576
2020-07-11,0.11898275862068965,0.6519015601837266
2020-07-12,0.04364285714285714,0.644418459133416
2020-07-13,0.11719199999999999,0.6756001127002358
2020-07-14,0.04795666666666667,0.6983584388238772
2020-07-15,-0.1040909090909091,0.7329849612121904
2020-07-16,-0.07571052631578946,0.6476497691751529
2020-07-17,0.14962,0.6158328460859532
2020-07-18,0.0050533333333333316,0.6497409109953853
2020-07-19,0.08333333333333333,0.52446041025456
2020-07-20,0.03292666666666667,0.6294283663097169
2020-07-21,0.034357142857142864,0.6322466311378395
2020-07-22,0.024171875000000002,0.6513121603371387
2020-07-23,0.13431818181818184,0.650349774389813
2020-07-24,0.10563333333333334,0.7049877691714428
2020-07-25,-0.06111428571428571,0.6540415401737834
2020-07-26,0.15175714285714287,0.7011661075818304
2020-07-27,-0.07738333333333335,0.6199647820426931
2020-07-28,0.12480909090909091,0.6619287677304735
2020-07-29,-0.0032666666666666586,0.61269717343692
2020-07-30,0.05168888888888889,0.6661056931116192
2020-07-31,-0.131675,0.5943934696194131
2020-08-01,0.09069999999999999,0.7586345020753956
2020-08-02,0.16345714285714288,0.6658857862455753
2020-08-03,0.009987499999999996,0.7193609063394569
2020-08-04,0.15626250000000003,0.6778305138082176
2020-08-05,0.04873333333333333,0.5691896469272274
2020-08-06,0.009866666666666654,0.7264233375911106
2020-08-07,0.12702,0.634314567623947
2020-08-08,0.2889,0.6244231195794463
2020-08-09,0.0,0.609692324425383
2020-08-10,0.11333333333333334,0.7073385015901014
2020-08-11,0.014099999999999998,0.713084967771458
2020-08-12,0.095005,0.6601884042010301
2020-08-13,-0.07139090909090909,0.7052399127374401
2020-08-14,0.1013888888888889,0.6659067447506252
2020-08-15,0.11148571428571429,0.6164531242609714
2020-08-16,0.08001428571428572,0.690550664016168
2020-08-17,0.11673571428571428,0.7001120026460954
2020-08-18,0.021313793103448272,0.6681652877178637
2020-08-19,-0.005390000000000001,0.6697303116470199
2020-08-20,0.04794901960784313,0.6436434938639525
2020-08-21,0.20685853658536585,0.6748311524310439
2020-08-22,-0.020970000000000006,0.5940359785867433
2020-08-23,-0.022749999999999992,0.7232867671746431
2020-08-24,0.0016000000000000042,0.6139959766862574
2020-08-25,-0.03105833333333333,0.6695451521216946
2020-08-26,0.20873333333333335,0.6768413937793446
2020-08-27,-0.04825625,0.7159152031747279
2020-08-28,0.024259999999999997,0.6313432955774019
2020-08-29,0.13394,0.7020337175688133
2020-08-30,0.06498571428571429,0.676384486972615
2020-08-31,0.03418085106382979,0.6698632367795365
2020-09-01,-0.000864516129032256,0.6697374618736925
2020-09-02,0.09684918032786886,0.6419133640534685
2020-09-03,0.04115000000000001,0.630011632938584
2020-09-04,0.09433559322033898,0.6513875194674232
2020-09-05,-0.09788666666666668,0.6179266057153046
2020-09-06,0.08495555555555555,0.6735265535677242
2020-09-07,0.006775000000000003,0.7300239449221959
2020-09-08,0.002765517241379317,0.6827938427467825
2020-09-09,-0.028768292682926824,0.6647255214701209
2020-09-10,0.040391666666666666,0.6631827419269364
2020-09-11,-0.04700000000000001,0.6600359413467266
2020-09-12,-0.12700999999999998,0.6733042595024801
2020-09-13,0.03636000000000002,0.770635761597265
2020-09-14,-0.019448148148148145,0.6023577596298133
2020-09-15,0.018673529411764717,0.6704886352548206
2020-09-16,-0.015320588235294115,0.6792838711068683
2020-09-17,-0.043304,0.6583337636309673
2020-09-18,0.099295,0.6811959781205459
2020-09-19,0.08059090909090909,0.6144132878406715
2020-09-20,0.10225,0.6321473462018699
2020-09-21,0.08488529411764707,0.6562280268458075
2020-09-22,0.0037891891891891918,0.7027397706179573
2020-09-23,0.02198,0.652971572562626
2020-09-24,0.0003272727272727316,0.7138864476097361
2020-09-25,0.0,0.7428978879662761
2020-09-26,-0.04933333333333333,0.7840014691404741
2020-09-27,0.0432,0.67983498280119
2020-09-28,0.12599999999999997,0.6224247988230653
2020-09-29,0.008555555555555558,0.5892404784965101
2020-09-30,0.050977777777777775,0.6799178192206295
2020-10-01,-0.008088888888888887,0.6421769288912845
2020-10-02,-0.09726666666666665,0.7126178565940335
2020-10-03,-0.0593,0.6087771812951962
2020-10-04,0.0,0.5354166666666665
2020-10-05,0.04658333333333334,0.750130455683176
2020-10-06,-0.034542857142857146,0.6711107519646065
2020-10-07,0.22949999999999998,0.6044240644942446
2020-10-08,0.08797142857142859,0.6866841770596167
2020-10-09,0.14985,0.7884450219346495
2020-10-10,0.002271428571428567,0.6378429667352413
2020-10-11,-0.19424999999999998,0.6329238536665694
2020-10-12,0.09634444444444444,0.6477065685525978
2020-10-13,-0.1848857142857143,0.5736314091110942
2020-10-14,0.22518000000000002,0.6184872142103263
2020-10-15,0.059955555555555554,0.625169909368045
2020-10-16,0.0711,0.6667984077436143
2020-10-17,0.11568333333333332,0.6697245373676818
2020-10-18,0.20540000000000003,0.6760977693235432
2020-10-19,0.1738,0.6204522830988797
2020-10-20,0.007817647058823528,0.6544274512696281
2020-10-21,0.04943125000000001,0.6036239068060057
2020-10-22,-0.1449466666666667,0.6560848983080075
2020-10-23,0.06158823529411766,0.6878042443406048
2020-10-24,0.2403,0.6271789160303884
2020-10-25,-0.059199999999999996,0.7190344350015081
2020-10-26,-0.10015714285714285,0.7590259194194893
2020-10-27,0.2700666666666667,0.7841102706936645
2020-10-28,0.30374285714285715,0.5903474840839557
2020-10-29,-0.07258571428571428,0.6411473268378322
2020-10-30,0.09442500000000001,0.6102865345945954
2020-10-31,0.21960000000000002,0.6127116036708146
2020-11-01,0.0,0.698732475583164
2020-11-02,0.00516,0.6478865375269307
2020-11-03,-0.05103333333333334,0.6122255724270929
2020-11-05,0.6369,0.8072775829248279
2020-11-06,0.059199999999999996,0.6518822978281983
2020-11-07,0.15116666666666664,0.7468010319095525
2020-11-08,-0.12726666666666667,0.7102387633166143
2020-11-09,0.0,0.6223543844869526
2020-11-10,0.10531250000000002,0.6826362271086206
2020-11-11,-0.05236666666666667,0.6891828619828813
2020-11-12,0.07431428571428571,0.6133622712390256
2020-11-13,-0.07077499999999999,0.6492805091644024
2020-11-14,-0.1373125,0.8230423246124665
2020-11-15,0.2673875,0.6601776598961318
2020-11-16,0.17035555555555557,0.6811113413562837
2020-11-17,0.10710833333333335,0.6739430248159355
2020-11-18,0.10919230769230769,0.6775367129740237
2020-11-19,0.10105806451612903,0.6878958080390231
2020-11-20,0.10518181818181817,0.7356714149026318
2020-11-21,0.1278,0.6893549179058593
2020-11-22,0.0,0.6871161666938266
2020-11-23,0.21458333333333332,0.6819362987276919
2020-11-24,0.09600769230769234,0.657327064030838
2020-11-25,0.08662599999999998,0.6634625821409433
2020-11-26,0.05456153846153847,0.6529657884684446
2020-11-27,0.076759375,0.660338487124177
2020-11-28,0.04364285714285715,0.6411454653172606
2020-11-29,-0.005369999999999991,0.6213340466896731
2020-11-30,0.17820769230769232,0.6820268656434497
2020-12-01,0.018054545454545455,0.7426590216018149
2020-12-02,0.04672727272727273,0.6953621920438161
2020-12-03,0.05901333333333334,0.7124700588404544
2020-12-04,0.06539333333333334,0.6564459054776152
2020-12-05,-0.08435714285714284,0.6915586275864284
2020-12-06,0.16628,0.7059792034415325
2020-12-07,0.11007619047619047,0.755338031821972
2020-12-08,0.12264230769230769,0.6563807619253621
2020-12-09,-0.04935769230769232,0.6736784204108723
2020-12-10,0.07217058823529411,0.6615916503855221
2020-12-11,-0.2771571428571429,0.6343263010198543
2020-12-12,-0.06130909090909092,0.6080171049228065
2020-12-13,0.027139999999999997,0.6860937900993298
2020-12-14,0.13635,0.6960147893729935
2020-12-15,0.061528571428571426,0.7542340955791881
2020-12-16,0.06081249999999999,0.6552918112636343
2020-12-17,0.021772222222222224,0.7071769426597455
2020-12-18,0.07042413793103448,0.7019037937442874
2020-12-19,0.29291904761904763,0.6876303598105966
2020-12-20,-0.060342857142857136,0.6743848933224955
2020-12-21,0.14650000000000002,0.6797239081955614
2020-12-22,-0.024849999999999997,0.6314946396954243
2020-12-23,0.00993333333333333,0.6082638771835559
2020-12-24,0.018811111111111126,0.7384321907656279
2020-12-25,0.10604545454545455,0.7299233110099504
2020-12-26,-0.042,0.7662167907549816
2020-12-27,-0.004291666666666656,0.664307193098504
2020-12-28,0.04093333333333333,0.6930253085046267
2020-12-29,0.025628571428571414,0.819772254534131
2020-12-30,0.009858333333333335,0.6248696855254919
2020-12-31,0.10248333333333333,0.6844976479787189
2021-01-01,0.17239090909090907,0.7478729545546264
2021-01-02,-0.05603333333333333,0.7102095145838474
2021-01-03,0.0625,0.707460525673968
2021-01-04,0.06270500000000001,0.6584075344676641
2021-01-05,0.12251666666666666,0.7520505580169141
2021-01-06,0.20332307692307694,0.7330035989460708
2021-01-07,0.19831379310344827,0.7129560183295581
2021-01-08,0.05114920634920635,0.651453666648266
2021-01-09,0.14110975609756096,0.6893086064979943
2021-01-10,0.05891818181818181,0.6729992065591016
2021-01-11,0.07893421052631579,0.6926808055200925
2021-01-12,0.1336642857142857,0.6928876829464828
2021-01-13,0.17839655172413796,0.6619038565037418
2021-01-14,0.07839090909090908,0.6774549280130112
2021-01-15,0.07803913043478261,0.7200245906028854
2021-01-16,0.32396428571428576,0.7604212375199868
2021-01-17,-0.014133333333333338,0.584453741201154
2021-01-18,0.04830000000000001,0.7015428064415539
2021-01-19,0.018133333333333335,0.6832487393521172
2021-01-20,0.13584285714285715,0.7024924091536181
2021-01-21,0.18441538461538462,0.7503537511645855
2021-01-22,0.1175142857142857,0.6352070038180126
2021-01-23,0.06747333333333333,0.6432185811228786
